task_id,status,is_overdue,cycle_time_days,planned_duration_days,days_since_last_update,assignee_cost_per_hour,estimated_task_value,project_name,priority,blocker_reason,quality_review_status,assignee_team,task_type_name,percentage_completion,time_tracked_hours,complexity_points,has_predecessor,time_to_start_days,has_due_date,date_created,start_date,due_date,date_completed,last_updated_date,task_name,predicted_is_overdue,predicted_overdue_probability,data_set_type
1,Review,False,42,15,3,35.689983155667065,4023.490411896998,Internal Tool Development,Medium,Scope Creep,Passed,Team Delta,Deployment & Release,39.669360084168524,68.11726495679021,3,True,4,False,2024-05-25,2024-03-19,2024-07-10,2024-06-01,2024-09-07,Task 1,False,0.09,Training Set
2,To Do,False,27,24,25,51.96714769314329,3386.010183360363,Holiday Marketing Campaign,High,Resource Unavail.,Review Status Missing,Team Delta,Strategy & Planning,74.66579689400913,46.160682726812276,4,False,20,True,2024-02-04,2024-06-20,2024-06-23,2024-07-08,2024-06-30,Task 2,False,0.49,Test Set
3,Review,False,41,19,1,77.71843360878049,1459.9658525264017,Q3 Product Feature Launch,Critical,Missing,Minor Rework,Team Gamma,Development (Frontend),9.470736658399815,53.07520831073697,5,False,13,True,2024-06-07,2024-05-16,2024-03-15,2024-06-24,2024-09-24,Task 3,False,0.15,Training Set
4,In Progress,False,8,11,23,93.69053357187427,2894.7956983218733,Q3 Product Feature Launch,Critical,Handoff Delay,Passed,Team Alpha,Marketing & Promotion,43.63566217156614,64.24611000960292,8,False,9,True,2024-05-10,2024-04-28,2024-06-18,2024-05-19,2024-09-11,Task 4,False,0.14,Training Set
5,To Do,False,8,7,24,74.6874944310552,2625.898742128006,Customer Onboarding Flow Optimization,Critical,Data Access,Failed QA,Team Beta,Analytics & Reporting,30.792694312933044,58.06945911318472,4,True,13,True,2024-05-24,2024-03-20,2024-03-17,2024-07-29,2024-08-03,Task 5,False,0.14,Training Set
6,Review,True,40,49,13,95.6009698356795,3266.200226179133,Q3 Product Feature Launch,High,Technical Bug,Minor Rework,Team Beta,QA & Testing,24.222799956227647,18.92306515646512,8,True,17,False,2024-05-19,2024-03-02,2024-08-02,2024-09-06,2024-10-16,Task 6,True,0.84,Training Set
7,In Progress,False,43,79,0,54.10282652599558,2324.15659794447,Website Redesign - User Experience,Critical,Client Feedback,None,Team Gamma,PMO & Coordination,55.10760312598069,62.393910626782,5,True,5,True,2024-03-22,2024-03-14,2024-03-12,2024-08-25,2024-08-17,Task 7,False,0.09,Training Set
8,Review,False,35,88,7,47.0251700584975,4758.650946153154,Customer Onboarding Flow Optimization,High,Client Feedback,Failed QA,Team Beta,Strategy & Planning,64.39545913279355,41.38908333322024,5,False,27,True,2024-04-27,2024-06-16,2024-07-27,2024-06-28,2024-08-26,Task 8,False,0.14,Training Set
9,Completed,False,37,50,20,45.78865828021786,3080.598195629265,Holiday Marketing Campaign,Critical,Resource Unavail.,Review Status Missing,Team Delta,Strategy & Planning,50.94979316109002,78.02135117336877,9,False,1,True,2024-01-07,2024-03-18,2024-06-15,2024-07-12,2024-05-25,Task 9,False,0.13,Training Set
10,Blocked,True,37,19,22,66.42333601849461,1866.1573490732503,Customer Onboarding Flow Optimization,Medium,Technical Bug,Minor Rework,Team Gamma,Development (Backend),47.46541567670217,19.297827142258054,3,True,24,True,2024-02-25,2024-06-15,2024-06-13,2024-04-16,2024-07-22,Task 10,True,0.75,Training Set
11,Blocked,False,42,80,1,90.57910321780106,4433.188936935727,Q3 Product Feature Launch,Low,Missing,None,Team Beta,Customer Support Prep,65.60802680523801,71.00051426199374,8,True,11,False,2024-01-12,2024-07-03,2024-08-21,2024-07-18,2024-10-23,Task 11,False,0.05,Training Set
12,In Progress,False,56,24,22,52.76871240563285,2947.9060112512275,Q3 Product Feature Launch,Critical,Technical Bug,None,Team Delta,Marketing & Promotion,65.7371411402398,52.14340789264995,1,False,25,True,2024-04-02,2024-05-02,2024-08-27,2024-04-05,2024-07-23,Task 12,False,0.13,Training Set
13,Blocked,False,25,78,4,79.95537558320274,492.76090866593535,Customer Onboarding Flow Optimization,Low,Technical Bug,Review Status Missing,Team Gamma,Analytics & Reporting,48.51484779417715,26.133495987742105,2,True,17,True,2024-04-30,2024-06-11,2024-03-06,2024-04-18,2024-05-11,Task 13,False,0.2,Training Set
14,In Progress,True,21,50,11,63.83333037860656,2748.30120843238,Customer Onboarding Flow Optimization,Medium,Scope Creep,Failed QA,Team Delta,Customer Support Prep,27.222246164065535,64.9838322824619,5,True,14,True,2024-04-09,2024-04-10,2024-08-05,2024-08-18,2024-07-30,Task 14,False,0.44,Test Set
15,Completed,False,5,76,4,79.17169111302321,4618.870154373832,Customer Onboarding Flow Optimization,Low,Missing,Failed QA,Team Beta,Design & UX,69.48693538249773,26.60393213117516,3,False,23,False,2024-05-07,2024-03-17,2024-03-27,2024-05-18,2024-08-02,Task 15,False,0.1,Training Set
16,To Do,False,35,60,7,35.25753449318279,570.7844532754541,Website Redesign - User Experience,High,Missing,Review Status Missing,Team Alpha,Customer Support Prep,11.205054472166886,4.934832189122909,1,True,11,True,2024-01-19,2024-07-03,2024-04-13,2024-05-03,2024-10-15,Task 16,False,0.15,Training Set
17,Blocked,False,40,55,27,45.195925781821,2493.470950238528,Customer Onboarding Flow Optimization,High,Handoff Delay,Minor Rework,Team Alpha,Marketing & Promotion,34.43631148379609,41.97562590370685,8,True,7,False,2024-05-27,2024-05-05,2024-06-16,2024-08-03,2024-05-17,Task 17,False,0.11,Training Set
18,Blocked,False,43,70,11,88.55572778176573,4113.850769491287,Holiday Marketing Campaign,Medium,Data Access,Review Status Missing,Team Delta,PMO & Coordination,31.337947219329187,24.481052916158667,8,True,17,False,2024-06-21,2024-05-10,2024-04-02,2024-07-28,2024-08-19,Task 18,False,0.29,Test Set
19,To Do,True,23,58,18,20.14161759037865,3520.375641329324,Website Redesign - User Experience,Low,Technical Bug,Review Status Missing,Team Gamma,Strategy & Planning,14.28505913984056,36.96033556498413,8,True,6,False,2024-06-05,2024-02-12,2024-06-09,2024-04-28,2024-06-17,Task 19,True,0.71,Training Set
20,Completed,False,43,39,2,46.398026864870175,4411.208882811593,Holiday Marketing Campaign,Critical,Technical Bug,Passed,Team Gamma,Development (Backend),66.37857865960414,12.372796100491366,8,True,14,True,2024-01-25,2024-06-13,2024-04-18,2024-08-24,2024-08-12,Task 20,False,0.16,Training Set
21,Blocked,True,24,13,13,93.97378495598596,3588.0754019096785,Website Redesign - User Experience,Medium,Design Approval,Passed,Team Alpha,Strategy & Planning,27.01138973837849,74.5766361149737,4,False,23,False,2024-03-31,2024-05-29,2024-08-09,2024-09-04,2024-06-07,Task 21,True,0.75,Training Set
22,To Do,True,18,20,7,93.58920771175659,556.7838110006262,Q3 Product Feature Launch,Critical,Resource Unavail.,Minor Rework,Team Gamma,Legal & Compliance Review,42.854177241327626,35.62479487927411,6,False,4,True,2024-03-16,2024-03-16,2024-03-17,2024-06-04,2024-10-27,Task 22,True,0.78,Training Set
23,Blocked,False,9,5,9,31.85933770349502,4368.140877328511,Holiday Marketing Campaign,Critical,Handoff Delay,None,Team Gamma,Legal & Compliance Review,77.02377667681115,71.04743202904744,1,True,0,False,2024-01-07,2024-02-25,2024-05-25,2024-06-20,2024-09-28,Task 23,False,0.11,Training Set
24,Review,False,51,58,12,91.92827310134477,4994.688054621453,Customer Onboarding Flow Optimization,Medium,Technical Bug,None,Team Gamma,Content Creation,94.80809275123559,39.4901404261623,6,True,16,False,2024-04-24,2024-07-02,2024-06-23,2024-06-06,2024-10-19,Task 24,False,0.08,Training Set
25,To Do,True,3,14,10,22.792535977159673,4972.917975243508,Internal Tool Development,Critical,Technical Bug,Review Status Missing,Team Beta,Development (Backend),46.838956805045804,27.116067726455487,3,True,27,False,2024-03-31,2024-02-20,2024-08-09,2024-08-18,2024-05-16,Task 25,True,0.73,Training Set
26,Completed,True,7,31,3,82.64481168963776,4263.0592199456205,Q3 Product Feature Launch,Critical,Technical Bug,Minor Rework,Team Delta,Marketing & Promotion,61.46791595615547,67.85308752238193,4,True,18,False,2024-06-28,2024-02-18,2024-06-20,2024-05-29,2024-09-20,Task 26,True,0.65,Training Set
27,To Do,False,26,5,10,87.52573544238753,4708.885320000979,Website Redesign - User Experience,Medium,Handoff Delay,None,Team Beta,PMO & Coordination,60.22320820633412,45.69683381004231,6,True,9,False,2024-05-18,2024-03-21,2024-07-16,2024-08-03,2024-07-03,Task 27,False,0.12,Training Set
28,Review,True,38,51,8,77.26651762496886,669.9113610768347,Q3 Product Feature Launch,Critical,Data Access,None,Team Beta,Development (Frontend),9.041268542613711,48.43137104391817,9,True,5,False,2024-01-13,2024-03-15,2024-06-20,2024-06-08,2024-08-15,Task 28,False,0.5,Test Set
29,In Progress,False,15,70,20,96.62854891908913,3857.8358621369302,Q3 Product Feature Launch,Low,Handoff Delay,Review Status Missing,Team Beta,Marketing & Promotion,38.20081535724231,32.94930964783103,2,False,7,True,2024-05-22,2024-05-26,2024-04-27,2024-05-06,2024-05-07,Task 29,False,0.09,Training Set
30,Review,False,39,22,15,42.09863016259176,3169.022286760267,Q3 Product Feature Launch,Critical,Missing,Failed QA,Team Alpha,Development (Backend),87.43466717996401,78.83240842057423,8,True,26,True,2024-05-11,2024-05-09,2024-04-19,2024-07-20,2024-06-05,Task 30,False,0.46,Test Set
31,To Do,False,11,22,14,76.18942209550222,3469.2250984518055,Website Redesign - User Experience,Low,Data Access,Minor Rework,Team Beta,Development (Frontend),16.410810420011966,15.477939512918535,4,True,29,True,2024-02-12,2024-01-18,2024-05-14,2024-08-20,2024-08-29,Task 31,True,0.63,Test Set
32,In Progress,False,31,60,12,80.9096749828829,1404.4813969702227,Holiday Marketing Campaign,Medium,Missing,Minor Rework,Team Delta,QA & Testing,6.153487297703908,57.11526745172176,6,False,5,False,2024-03-12,2024-02-05,2024-03-16,2024-07-02,2024-06-02,Task 32,False,0.22,Training Set
33,To Do,False,46,27,22,22.065700462344715,4511.345501354873,Customer Onboarding Flow Optimization,Critical,Technical Bug,None,Team Delta,PMO & Coordination,51.26670301169728,53.543335447499516,7,False,7,True,2024-04-24,2024-06-12,2024-03-07,2024-05-06,2024-09-29,Task 33,False,0.14,Training Set
34,To Do,False,2,49,13,30.438604983375832,3862.141506170376,Holiday Marketing Campaign,High,Design Approval,Failed QA,Team Alpha,Legal & Compliance Review,59.54891960697363,62.400641034025,7,False,28,False,2024-01-16,2024-01-19,2024-03-13,2024-05-12,2024-06-07,Task 34,False,0.15,Training Set
35,To Do,True,25,52,18,69.05283478145392,2640.163077325741,Internal Tool Development,High,Data Access,Passed,Team Alpha,PMO & Coordination,25.797018101120926,21.257249308491286,7,True,14,True,2024-04-07,2024-01-17,2024-03-15,2024-07-07,2024-05-04,Task 35,True,0.84,Training Set
36,Completed,False,16,5,19,47.61070921728215,1068.260923552782,Website Redesign - User Experience,Critical,Design Approval,Failed QA,Team Delta,QA & Testing,75.58534887932346,19.05000416701456,5,False,1,True,2024-01-21,2024-06-22,2024-04-25,2024-06-15,2024-09-10,Task 36,False,0.14,Training Set
37,Review,False,19,77,6,31.781762667324518,1441.1429659704402,Internal Tool Development,Critical,Missing,Failed QA,Team Delta,Deployment & Release,77.47969023445175,4.362953617580892,2,True,1,True,2024-01-11,2024-04-22,2024-05-10,2024-07-30,2024-10-05,Task 37,False,0.12,Training Set
38,Review,False,36,22,2,42.502401665739946,3601.253219160954,Website Redesign - User Experience,Critical,Design Approval,Minor Rework,Team Delta,Development (Frontend),19.962539485209362,60.24039206933849,6,False,11,True,2024-01-09,2024-06-10,2024-06-19,2024-07-06,2024-08-07,Task 38,False,0.11,Training Set
39,Completed,False,30,32,11,64.14380409482995,3322.9059288226495,Holiday Marketing Campaign,Low,Scope Creep,Passed,Team Beta,Development (Backend),63.70959796805212,73.78364739221782,1,True,27,False,2024-03-05,2024-07-04,2024-04-10,2024-04-29,2024-09-06,Task 39,False,0.1,Training Set
40,Review,True,30,8,2,87.10387664950477,2949.364163720304,Q3 Product Feature Launch,High,Technical Bug,Failed QA,Team Beta,Strategy & Planning,84.57379607118052,11.505667022991695,8,True,17,True,2024-03-29,2024-05-23,2024-08-11,2024-04-23,2024-08-23,Task 40,True,0.68,Training Set
41,Blocked,False,15,33,14,52.74250160484338,1843.2427642079779,Website Redesign - User Experience,Critical,Technical Bug,Review Status Missing,Team Delta,Design & UX,2.214842862953381,62.926446897450944,8,True,16,True,2024-02-16,2024-05-27,2024-04-06,2024-09-25,2024-07-25,Task 41,False,0.27,Training Set
42,Review,False,43,59,14,74.76566037552065,699.8753877822172,Customer Onboarding Flow Optimization,High,Technical Bug,None,Team Gamma,Marketing & Promotion,86.25730744176367,71.00917756189071,9,True,26,True,2024-05-15,2024-03-27,2024-07-04,2024-08-25,2024-05-20,Task 42,False,0.08,Training Set
43,Blocked,True,37,62,3,67.97876085632743,1402.3039502037632,Holiday Marketing Campaign,Critical,Missing,Review Status Missing,Team Alpha,Customer Support Prep,2.058469134017049,24.865812635386128,2,True,13,True,2024-03-18,2024-01-31,2024-08-16,2024-08-11,2024-09-27,Task 43,False,0.48,Test Set
44,In Progress,False,31,71,10,81.27482078331582,161.27587811584186,Website Redesign - User Experience,Critical,Handoff Delay,None,Team Gamma,Development (Backend),22.796097194800623,13.789676685289946,8,False,13,False,2024-06-01,2024-07-01,2024-05-05,2024-06-10,2024-07-24,Task 44,False,0.18,Training Set
45,Blocked,True,25,47,4,50.32214964111876,3622.4123355373663,Holiday Marketing Campaign,High,Design Approval,Review Status Missing,Team Beta,Design & UX,65.12877797776935,29.94857967426885,6,False,20,True,2024-05-21,2024-01-29,2024-06-21,2024-08-06,2024-08-17,Task 45,True,0.77,Training Set
46,In Progress,False,37,75,29,43.879508102694096,2263.4872427359983,Customer Onboarding Flow Optimization,Low,Scope Creep,Passed,Team Beta,Analytics & Reporting,60.629152774183616,52.743268114841875,4,False,23,True,2024-03-12,2024-06-30,2024-03-08,2024-08-20,2024-06-01,Task 46,False,0.13,Training Set
47,Completed,True,41,21,16,49.851152065186504,3246.1550814939815,Customer Onboarding Flow Optimization,Medium,Client Feedback,Failed QA,Team Alpha,Legal & Compliance Review,58.896228777716,3.093865210830138,9,False,0,True,2024-03-16,2024-01-21,2024-05-10,2024-08-23,2024-10-01,Task 47,True,0.76,Training Set
48,Blocked,False,28,41,20,84.81234678541274,954.366837220916,Q3 Product Feature Launch,Low,Scope Creep,Review Status Missing,Team Beta,Deployment & Release,45.53076330488871,60.994839557373794,8,False,14,False,2024-02-21,2024-02-25,2024-05-23,2024-06-05,2024-09-22,Task 48,False,0.14,Training Set
49,Blocked,False,8,22,13,49.082588114959655,515.8917572592434,Holiday Marketing Campaign,Critical,Design Approval,Passed,Team Gamma,Marketing & Promotion,83.77705429533536,79.8442651933503,7,False,16,True,2024-05-04,2024-06-17,2024-07-22,2024-05-01,2024-10-11,Task 49,False,0.18,Training Set
50,Completed,False,38,71,15,23.996769213431328,3138.3273021029677,Internal Tool Development,Critical,Scope Creep,Minor Rework,Team Gamma,Marketing & Promotion,53.309658914800515,47.11730330270977,6,True,17,False,2024-06-05,2024-06-29,2024-08-27,2024-08-28,2024-06-22,Task 50,False,0.12,Training Set
51,Blocked,True,36,48,10,92.46714046571279,2212.3504828297064,Q3 Product Feature Launch,Critical,Missing,Passed,Team Alpha,QA & Testing,11.394336855086152,58.15287682643439,9,True,16,True,2024-01-16,2024-05-31,2024-03-11,2024-09-19,2024-10-06,Task 51,True,0.83,Training Set
52,Completed,False,23,89,2,81.55006363546212,3981.871634894177,Holiday Marketing Campaign,Medium,Handoff Delay,Failed QA,Team Gamma,Marketing & Promotion,56.3780666035155,14.244050937962289,6,False,16,True,2024-05-26,2024-04-18,2024-03-14,2024-07-26,2024-10-09,Task 52,False,0.13,Training Set
53,Completed,False,47,59,16,23.957999841911484,3812.1186015712706,Customer Onboarding Flow Optimization,Low,Design Approval,Minor Rework,Team Delta,Design & UX,73.2621162204554,45.96011587240005,7,False,22,True,2024-04-15,2024-04-14,2024-03-03,2024-04-11,2024-07-03,Task 53,False,0.34,Test Set
54,In Progress,False,34,88,26,57.83231683731532,3869.347862030558,Internal Tool Development,Medium,Technical Bug,None,Team Delta,Marketing & Promotion,83.64672780551011,77.21261089765024,9,False,13,False,2024-03-13,2024-05-12,2024-04-19,2024-08-17,2024-10-25,Task 54,False,0.06,Training Set
55,Blocked,True,15,86,6,77.63562970785318,4020.132286502292,Internal Tool Development,Critical,Data Access,Minor Rework,Team Gamma,Analytics & Reporting,92.31102386579265,48.02280820198021,4,True,18,False,2024-06-15,2024-04-10,2024-03-07,2024-07-01,2024-07-23,Task 55,True,0.81,Training Set
56,Review,False,14,21,6,36.7918258060871,2308.972849376592,Holiday Marketing Campaign,Medium,Resource Unavail.,Failed QA,Team Delta,Strategy & Planning,17.57482005648875,45.903105174149964,3,True,8,True,2024-03-07,2024-05-18,2024-06-07,2024-07-12,2024-05-30,Task 56,False,0.16,Training Set
57,Blocked,True,47,64,22,52.72391988999121,4203.529326918016,Q3 Product Feature Launch,Low,Handoff Delay,Passed,Team Beta,Analytics & Reporting,4.912730104138596,35.11441593992573,8,True,13,True,2024-02-19,2024-06-16,2024-08-24,2024-08-14,2024-05-22,Task 57,True,0.78,Training Set
58,To Do,False,41,8,6,47.97672154719098,4160.97830182996,Holiday Marketing Campaign,Medium,Resource Unavail.,Review Status Missing,Team Alpha,Analytics & Reporting,14.47030996430515,57.85491254199736,4,False,1,False,2024-04-07,2024-03-20,2024-08-14,2024-08-13,2024-09-11,Task 58,False,0.11,Training Set
59,To Do,False,12,48,23,83.36701963225835,1436.8564700129975,Internal Tool Development,Medium,Missing,Passed,Team Gamma,Analytics & Reporting,76.83997536508382,53.759978097498895,6,False,4,True,2024-01-14,2024-06-18,2024-05-31,2024-04-27,2024-08-22,Task 59,False,0.14,Training Set
60,In Progress,True,16,62,18,84.45780762340772,3545.9676466200185,Holiday Marketing Campaign,High,Client Feedback,Failed QA,Team Delta,Analytics & Reporting,89.8845469339714,55.34754581615919,2,False,25,False,2024-03-14,2024-06-06,2024-06-25,2024-07-12,2024-05-20,Task 60,True,0.82,Training Set
61,In Progress,True,7,81,23,66.07963281911253,803.6009105553509,Internal Tool Development,High,Data Access,Failed QA,Team Gamma,QA & Testing,82.91215641996021,44.40528668170233,3,True,22,True,2024-01-03,2024-05-20,2024-04-09,2024-09-25,2024-07-11,Task 61,True,0.88,Training Set
62,In Progress,True,12,45,16,40.07759044772192,1051.1888348623706,Website Redesign - User Experience,Critical,Design Approval,Minor Rework,Team Gamma,Development (Frontend),86.25704685722951,62.118180044135606,7,True,22,False,2024-04-24,2024-04-25,2024-04-14,2024-09-16,2024-08-20,Task 62,True,0.82,Training Set
63,To Do,True,49,86,28,75.64813546441869,3152.216432087455,Customer Onboarding Flow Optimization,Critical,Technical Bug,None,Team Delta,Legal & Compliance Review,47.82971969909393,16.836629164899094,6,False,18,True,2024-05-13,2024-05-06,2024-06-18,2024-08-19,2024-08-14,Task 63,True,0.85,Training Set
64,Completed,True,43,83,24,81.13661842885668,4941.431800699905,Internal Tool Development,High,Design Approval,Review Status Missing,Team Alpha,Content Creation,6.534828105815804,55.51430695630412,4,True,28,True,2024-05-30,2024-06-14,2024-06-26,2024-04-16,2024-08-12,Task 64,True,0.72,Training Set
65,Blocked,False,40,27,12,85.95303886393116,4179.779270626812,Internal Tool Development,Low,Handoff Delay,Failed QA,Team Alpha,Strategy & Planning,25.850980568697434,4.806756916064114,5,False,0,False,2024-01-12,2024-01-18,2024-03-03,2024-07-17,2024-07-31,Task 65,False,0.08,Training Set
66,Blocked,True,8,43,4,21.083994179176393,256.1653199531679,Q3 Product Feature Launch,High,Data Access,None,Team Alpha,Design & UX,44.91418633028446,62.43717058853294,8,False,24,False,2024-02-11,2024-02-25,2024-06-24,2024-06-16,2024-09-22,Task 66,True,0.79,Training Set
67,Completed,False,45,6,24,71.42334842628256,4121.010576868252,Holiday Marketing Campaign,High,Design Approval,Minor Rework,Team Gamma,Deployment & Release,53.439187208633854,76.79085688526429,5,False,0,True,2024-02-12,2024-05-19,2024-03-18,2024-06-19,2024-09-05,Task 67,False,0.07,Training Set
68,Completed,True,8,9,21,92.8867348331083,4203.512045019621,Customer Onboarding Flow Optimization,Medium,Technical Bug,Failed QA,Team Alpha,Design & UX,13.498077215917936,59.56854555735553,4,False,25,False,2024-02-04,2024-02-21,2024-05-28,2024-09-10,2024-09-18,Task 68,False,0.4,Test Set
69,Review,False,23,16,6,35.323261447246956,1018.2200213868565,Customer Onboarding Flow Optimization,High,Handoff Delay,None,Team Delta,Content Creation,21.939478645457555,19.05738755960082,9,True,20,True,2024-05-11,2024-04-12,2024-03-03,2024-07-25,2024-07-14,Task 69,False,0.12,Training Set
70,Completed,False,23,45,12,92.65785675498576,3928.5273903471066,Internal Tool Development,Medium,Resource Unavail.,Review Status Missing,Team Delta,PMO & Coordination,84.90410601723428,43.38183924091605,3,False,3,True,2024-05-10,2024-06-11,2024-06-03,2024-09-06,2024-08-20,Task 70,False,0.15,Training Set
71,To Do,False,45,34,3,93.86611062169766,4609.550667445137,Holiday Marketing Campaign,High,Missing,Minor Rework,Team Gamma,Deployment & Release,96.71843640911231,76.87793404609965,9,False,22,False,2024-05-13,2024-01-22,2024-08-23,2024-09-20,2024-08-14,Task 71,False,0.08,Training Set
72,Review,True,28,75,18,94.28963873298454,3633.7658636862934,Website Redesign - User Experience,High,Technical Bug,Minor Rework,Team Delta,Design & UX,63.3692376243067,56.198209226125286,4,False,23,True,2024-05-17,2024-03-05,2024-08-17,2024-06-14,2024-07-18,Task 72,True,0.79,Training Set
73,To Do,False,26,64,24,30.762037412821257,1601.7126061091544,Q3 Product Feature Launch,High,Design Approval,Review Status Missing,Team Delta,QA & Testing,96.82574809976131,51.6914468113406,8,True,2,True,2024-03-19,2024-07-01,2024-06-03,2024-09-05,2024-06-08,Task 73,False,0.16,Training Set
74,In Progress,False,55,46,9,20.303962306506094,4682.561486584978,Customer Onboarding Flow Optimization,Medium,Technical Bug,Failed QA,Team Beta,Content Creation,87.61994594851592,14.06370157826681,6,True,21,False,2024-06-27,2024-02-03,2024-04-28,2024-09-02,2024-07-21,Task 74,False,0.23,Test Set
75,Blocked,False,40,50,12,45.84958572727085,4072.357793374983,Internal Tool Development,Medium,Data Access,Passed,Team Alpha,Marketing & Promotion,26.129877458597296,65.96361094023167,8,False,12,True,2024-05-07,2024-03-30,2024-03-25,2024-07-25,2024-05-06,Task 75,False,0.16,Training Set
76,Blocked,True,44,54,27,92.29947053069877,1145.2964319589992,Customer Onboarding Flow Optimization,Medium,Handoff Delay,Passed,Team Alpha,Strategy & Planning,98.77865050647617,4.528666784286502,6,True,4,True,2024-06-05,2024-06-05,2024-08-10,2024-09-01,2024-08-14,Task 76,True,0.79,Training Set
77,Review,False,49,22,13,82.53733655699784,3771.2894816667335,Internal Tool Development,Medium,Client Feedback,None,Team Alpha,Analytics & Reporting,96.74253285395109,59.475362880111646,6,False,8,False,2024-05-11,2024-06-01,2024-05-28,2024-04-08,2024-07-04,Task 77,False,0.26,Test Set
78,To Do,True,41,68,19,48.58259003789601,1701.5465050447374,Website Redesign - User Experience,Medium,Data Access,Passed,Team Gamma,Content Creation,25.433167586614726,4.8520134366043095,5,False,15,True,2024-02-24,2024-01-10,2024-06-23,2024-05-15,2024-09-07,Task 78,False,0.45,Test Set
79,Blocked,True,16,65,27,48.763044479317884,2339.5212921350712,Internal Tool Development,High,Technical Bug,Passed,Team Delta,Legal & Compliance Review,50.431716216666814,30.85327589002829,5,False,25,True,2024-03-28,2024-03-08,2024-03-03,2024-09-16,2024-05-25,Task 79,True,0.77,Training Set
80,Completed,True,30,40,22,77.1019292894481,3559.8688949110874,Q3 Product Feature Launch,Critical,Resource Unavail.,Failed QA,Team Gamma,Marketing & Promotion,9.890403217950894,44.72113277775173,8,False,9,True,2024-02-07,2024-01-18,2024-03-16,2024-04-13,2024-06-11,Task 80,True,0.79,Training Set
81,Completed,False,48,73,17,30.05936352674742,2999.840072115408,Holiday Marketing Campaign,High,Design Approval,Minor Rework,Team Delta,Analytics & Reporting,86.98940975677428,62.21835988980065,2,True,0,False,2024-04-08,2024-06-18,2024-07-30,2024-06-28,2024-09-13,Task 81,False,0.1,Training Set
82,Review,False,27,7,4,78.85069424808367,3176.93807962966,Holiday Marketing Campaign,High,Data Access,Review Status Missing,Team Gamma,Marketing & Promotion,5.648352620271401,79.21326905175913,6,True,23,False,2024-01-03,2024-04-29,2024-06-11,2024-05-12,2024-05-12,Task 82,False,0.32,Test Set
83,Completed,False,10,65,0,90.6503107096769,2305.9944427948617,Q3 Product Feature Launch,Low,Technical Bug,Review Status Missing,Team Delta,Development (Frontend),33.03380785175898,43.855642505373474,8,False,12,False,2024-04-25,2024-03-31,2024-04-23,2024-09-20,2024-10-23,Task 83,False,0.14,Training Set
84,In Progress,True,31,39,20,76.57152645372305,3163.3671915898835,Website Redesign - User Experience,Medium,Missing,Passed,Team Alpha,QA & Testing,91.61325142208264,62.67397769345659,2,True,11,False,2024-04-27,2024-07-07,2024-06-24,2024-07-18,2024-05-14,Task 84,True,0.8,Training Set
85,Completed,True,21,67,15,85.93539409287371,1518.0007049932995,Internal Tool Development,Medium,Missing,Review Status Missing,Team Gamma,Development (Frontend),27.310314573245677,27.560903051996746,9,False,5,False,2024-05-13,2024-02-18,2024-03-17,2024-08-11,2024-10-15,Task 85,True,0.77,Training Set
86,Completed,False,30,51,28,24.645528794705534,928.2283166656865,Internal Tool Development,Medium,Missing,Passed,Team Alpha,PMO & Coordination,78.18673427515733,35.77213517957272,2,False,7,True,2024-02-04,2024-01-13,2024-07-26,2024-05-28,2024-09-10,Task 86,False,0.3,Test Set
87,Completed,True,48,27,24,28.093353480357308,3908.691256599103,Internal Tool Development,High,Resource Unavail.,Review Status Missing,Team Delta,Design & UX,91.97095502804945,15.33145971312014,6,False,24,True,2024-06-26,2024-04-07,2024-04-06,2024-05-12,2024-07-31,Task 87,False,0.41,Test Set
88,Blocked,False,48,83,19,55.15028389005891,4463.455924578308,Internal Tool Development,Low,Resource Unavail.,Failed QA,Team Gamma,Development (Frontend),39.417352743068015,48.24190232433551,6,False,17,False,2024-01-24,2024-06-22,2024-06-26,2024-06-21,2024-06-12,Task 88,False,0.14,Training Set
89,Blocked,False,41,29,20,37.31630908320643,3201.865533747716,Q3 Product Feature Launch,Critical,Technical Bug,Review Status Missing,Team Gamma,Customer Support Prep,46.156664035449865,30.024042709081744,5,True,17,True,2024-04-29,2024-02-12,2024-04-25,2024-06-27,2024-06-24,Task 89,False,0.19,Training Set
90,In Progress,False,28,88,22,42.75877284922608,4470.340860714364,Holiday Marketing Campaign,Low,Client Feedback,Review Status Missing,Team Delta,QA & Testing,37.58963905914941,37.285731901259126,7,True,9,False,2024-05-23,2024-04-15,2024-05-02,2024-05-12,2024-06-29,Task 90,False,0.41,Test Set
91,In Progress,True,39,84,5,43.61164308657849,3606.5624682897237,Holiday Marketing Campaign,Critical,Missing,Passed,Team Delta,Development (Backend),14.316400058974887,11.148884049675885,7,True,3,True,2024-01-31,2024-06-05,2024-07-11,2024-08-08,2024-05-27,Task 91,True,0.7,Training Set
92,To Do,True,3,26,16,67.30749954393158,3905.196304135552,Holiday Marketing Campaign,High,Scope Creep,Failed QA,Team Beta,Marketing & Promotion,40.53073534292515,24.517145308747715,1,True,18,True,2024-06-04,2024-05-14,2024-03-10,2024-06-22,2024-07-03,Task 92,True,0.79,Training Set
93,Review,False,38,65,29,30.529949437928366,2109.8903952725377,Holiday Marketing Campaign,High,Client Feedback,Failed QA,Team Delta,QA & Testing,13.218965660653236,66.23901168300388,9,False,3,False,2024-04-12,2024-02-14,2024-08-12,2024-04-20,2024-10-11,Task 93,False,0.38,Test Set
94,Review,False,25,77,15,64.57312246326367,2338.788138819916,Internal Tool Development,Low,Design Approval,None,Team Alpha,Deployment & Release,23.83978008875607,54.99866524741316,8,True,2,True,2024-03-21,2024-05-19,2024-06-11,2024-08-03,2024-05-28,Task 94,False,0.18,Training Set
95,Completed,False,35,77,18,59.417423717349045,2162.593287775723,Customer Onboarding Flow Optimization,High,Data Access,Failed QA,Team Gamma,Strategy & Planning,57.20395244802175,27.03125599014367,6,False,25,True,2024-02-04,2024-03-28,2024-08-21,2024-09-07,2024-07-31,Task 95,False,0.21,Training Set
96,Blocked,True,10,64,7,36.91364854020007,533.0663085064746,Customer Onboarding Flow Optimization,Medium,Resource Unavail.,Failed QA,Team Beta,Development (Frontend),65.2969595336004,15.373504278522697,2,True,7,False,2024-02-29,2024-06-30,2024-03-20,2024-08-15,2024-10-21,Task 96,True,0.72,Training Set
97,To Do,False,52,74,6,72.48296005603294,1129.7638825158338,Customer Onboarding Flow Optimization,Medium,Data Access,Minor Rework,Team Gamma,Development (Frontend),16.06849920719974,59.42181180576677,6,False,17,True,2024-03-12,2024-04-03,2024-08-19,2024-05-19,2024-06-24,Task 97,False,0.06,Training Set
98,In Progress,False,19,40,2,99.58488920299837,4102.271363799314,Holiday Marketing Campaign,High,Technical Bug,Review Status Missing,Team Gamma,PMO & Coordination,94.78500203973825,37.009132912869894,3,False,6,False,2024-02-08,2024-01-25,2024-07-05,2024-04-21,2024-08-04,Task 98,False,0.07,Training Set
99,Blocked,False,18,77,18,70.7561410776912,4601.422085192886,Q3 Product Feature Launch,Critical,Client Feedback,Failed QA,Team Alpha,Development (Backend),85.2622546725794,39.17085602995867,6,False,12,False,2024-05-08,2024-05-14,2024-05-10,2024-05-09,2024-08-07,Task 99,False,0.46,Test Set
100,Review,False,43,31,15,60.40344327598572,191.7373091220564,Customer Onboarding Flow Optimization,Critical,Client Feedback,Minor Rework,Team Alpha,Deployment & Release,43.759121691040725,19.98668309135129,7,True,17,False,2024-01-31,2024-01-13,2024-03-24,2024-04-18,2024-06-17,Task 100,False,0.17,Training Set
101,In Progress,False,9,75,21,90.24547537270111,2358.1042528276193,Holiday Marketing Campaign,Low,Scope Creep,Passed,Team Beta,Marketing & Promotion,42.30875266980474,9.882104447101467,6,False,7,False,2024-04-09,2024-04-18,2024-07-03,2024-09-18,2024-08-15,Task 101,False,0.11,Training Set
102,To Do,False,20,50,7,51.31886667220727,3151.252830038658,Internal Tool Development,Low,Handoff Delay,None,Team Beta,Deployment & Release,17.745808075954784,57.37780726261332,5,False,9,True,2024-06-04,2024-06-15,2024-05-23,2024-08-10,2024-08-18,Task 102,False,0.15,Training Set
103,Blocked,False,13,12,21,82.79116573568938,3057.4309285082195,Internal Tool Development,Critical,Handoff Delay,Minor Rework,Team Delta,PMO & Coordination,61.09189416263454,28.946377020673925,6,False,28,True,2024-06-09,2024-02-22,2024-07-10,2024-08-15,2024-06-29,Task 103,False,0.11,Training Set
104,To Do,False,20,89,29,40.01660306805966,4870.508435331824,Holiday Marketing Campaign,Medium,Technical Bug,Minor Rework,Team Delta,Development (Backend),42.457679198575306,36.91341469651805,5,True,11,False,2024-01-09,2024-02-12,2024-07-13,2024-08-02,2024-07-06,Task 104,False,0.2,Training Set
105,To Do,False,33,29,2,88.79754176557623,4711.759130420813,Q3 Product Feature Launch,Critical,Handoff Delay,Failed QA,Team Alpha,Customer Support Prep,48.30906218262516,9.798517772090182,8,True,1,False,2024-03-07,2024-05-06,2024-05-18,2024-05-09,2024-05-09,Task 105,False,0.06,Training Set
106,Blocked,False,2,47,12,56.61001608125783,2608.713367235939,Customer Onboarding Flow Optimization,High,Resource Unavail.,Review Status Missing,Team Gamma,Strategy & Planning,26.77347941142155,61.08325256925838,5,True,26,False,2024-01-15,2024-06-15,2024-07-06,2024-05-26,2024-07-02,Task 106,False,0.16,Training Set
107,To Do,False,23,54,26,30.198733018012753,731.2457322869999,Internal Tool Development,Medium,Resource Unavail.,None,Team Alpha,Marketing & Promotion,85.72246440520142,47.09918855484585,1,True,15,True,2024-04-18,2024-04-17,2024-05-20,2024-07-04,2024-05-30,Task 107,False,0.33,Test Set
108,Review,False,53,5,10,20.792339845518324,564.2589043340031,Holiday Marketing Campaign,Critical,Client Feedback,Minor Rework,Team Beta,PMO & Coordination,70.50685916705362,20.987908741393113,9,True,7,False,2024-02-16,2024-02-06,2024-03-26,2024-09-03,2024-09-25,Task 108,False,0.1,Training Set
109,Review,True,14,31,16,43.0880807469353,3481.841628272095,Customer Onboarding Flow Optimization,Low,Data Access,None,Team Delta,Legal & Compliance Review,68.2799358632613,7.078021851450788,7,False,14,False,2024-03-08,2024-02-29,2024-04-08,2024-05-30,2024-07-25,Task 109,True,0.8,Training Set
110,Blocked,True,54,46,18,27.84966486230232,2389.369129755294,Q3 Product Feature Launch,Critical,Missing,Review Status Missing,Team Alpha,Development (Backend),41.61320506440072,49.78433254935535,6,True,29,False,2024-02-14,2024-04-20,2024-08-20,2024-06-30,2024-08-20,Task 110,False,0.21,Test Set
111,To Do,False,35,20,5,61.50506574463007,4781.898304097389,Internal Tool Development,High,Resource Unavail.,Failed QA,Team Delta,Design & UX,97.48259499523671,28.86268632597854,8,True,9,False,2024-04-26,2024-06-21,2024-08-03,2024-07-15,2024-07-22,Task 111,False,0.08,Training Set
112,In Progress,True,54,5,26,56.191852626442596,3622.9037555272957,Q3 Product Feature Launch,Critical,Design Approval,Failed QA,Team Gamma,Development (Frontend),71.23801461452874,78.77280445203291,8,False,6,False,2024-06-05,2024-04-11,2024-04-19,2024-08-24,2024-05-16,Task 112,True,0.74,Training Set
113,To Do,False,30,45,27,69.67293057896507,2661.5198337948827,Q3 Product Feature Launch,Medium,Technical Bug,Minor Rework,Team Delta,Strategy & Planning,83.88810751075667,55.64680357412402,4,False,19,False,2024-04-30,2024-05-24,2024-05-09,2024-04-01,2024-09-21,Task 113,False,0.34,Test Set
114,To Do,True,16,45,23,88.45890490929943,3745.6853345732334,Customer Onboarding Flow Optimization,Critical,Client Feedback,Failed QA,Team Delta,Customer Support Prep,38.85535532474421,15.879389608935666,8,True,5,True,2024-04-25,2024-04-22,2024-04-25,2024-07-01,2024-10-08,Task 114,True,0.85,Training Set
115,In Progress,True,35,37,19,45.97683754289328,906.4739108017636,Website Redesign - User Experience,Low,Design Approval,Failed QA,Team Beta,Legal & Compliance Review,21.206098154174523,25.688760557430314,6,False,16,True,2024-01-15,2024-05-05,2024-04-23,2024-06-25,2024-09-16,Task 115,True,0.88,Training Set
116,To Do,False,28,36,2,93.9589641133045,4426.2619487946895,Q3 Product Feature Launch,Critical,Scope Creep,None,Team Gamma,Marketing & Promotion,96.97038901255695,41.727240750647525,8,False,13,False,2024-02-13,2024-03-30,2024-04-09,2024-07-29,2024-09-25,Task 116,False,0.1,Training Set
117,To Do,False,42,81,22,80.0602800364202,3296.69762079059,Customer Onboarding Flow Optimization,Critical,Data Access,None,Team Gamma,Content Creation,15.645389169940504,79.95792830767694,5,False,15,True,2024-03-09,2024-04-17,2024-05-30,2024-04-11,2024-07-01,Task 117,False,0.13,Training Set
118,To Do,True,18,78,22,34.93675738035869,2962.266022292419,Holiday Marketing Campaign,Critical,Handoff Delay,Passed,Team Delta,Legal & Compliance Review,84.13633777583782,4.801942188900453,8,True,2,False,2024-05-15,2024-06-11,2024-07-22,2024-04-17,2024-06-22,Task 118,True,0.84,Training Set
119,Review,True,5,30,20,50.02996788524815,4670.147301596287,Customer Onboarding Flow Optimization,High,Missing,Minor Rework,Team Gamma,Legal & Compliance Review,56.374060230361,25.894960218162375,5,True,15,False,2024-01-31,2024-06-28,2024-03-21,2024-07-11,2024-10-20,Task 119,True,0.79,Training Set
120,To Do,True,16,27,12,81.77217839933256,4286.369977016006,Holiday Marketing Campaign,Medium,Client Feedback,Failed QA,Team Alpha,PMO & Coordination,83.10692023053241,79.02777259170988,7,False,18,True,2024-03-07,2024-06-25,2024-05-30,2024-06-29,2024-06-22,Task 120,True,0.73,Training Set
121,To Do,False,4,68,26,95.677767039186,120.13110367952095,Q3 Product Feature Launch,Low,Data Access,None,Team Alpha,Deployment & Release,48.596089602492576,77.98123751836008,5,False,29,True,2024-04-20,2024-01-14,2024-07-26,2024-06-23,2024-08-09,Task 121,False,0.17,Training Set
122,Review,False,15,14,28,56.76615431758674,2838.7264944227086,Customer Onboarding Flow Optimization,High,Scope Creep,Passed,Team Gamma,Deployment & Release,42.18906553855112,16.975633987283288,6,False,8,False,2024-03-24,2024-03-07,2024-05-22,2024-07-02,2024-05-09,Task 122,False,0.1,Training Set
123,To Do,False,55,29,6,34.7078426248066,3703.1011724914597,Customer Onboarding Flow Optimization,Low,Scope Creep,None,Team Gamma,Marketing & Promotion,11.295079280655774,73.7629023497936,4,False,25,True,2024-03-30,2024-07-02,2024-04-09,2024-07-22,2024-08-20,Task 123,False,0.08,Training Set
124,In Progress,True,23,34,14,64.04462819882401,3319.527031665464,Website Redesign - User Experience,Medium,Technical Bug,Minor Rework,Team Delta,Strategy & Planning,3.938645532799212,9.878731740641047,8,False,0,True,2024-01-19,2024-04-07,2024-03-02,2024-07-18,2024-05-10,Task 124,False,0.48,Test Set
125,To Do,False,55,82,29,88.98966333859366,1541.3083204574516,Website Redesign - User Experience,High,Design Approval,Minor Rework,Team Delta,Marketing & Promotion,57.32938328242565,19.67547553110798,3,False,22,False,2024-01-08,2024-06-29,2024-06-23,2024-09-06,2024-06-05,Task 125,False,0.2,Training Set
126,Completed,False,44,5,5,96.40777852760596,4398.726869337133,Customer Onboarding Flow Optimization,Medium,Data Access,Failed QA,Team Gamma,Content Creation,6.773897029745479,4.049930972577863,1,False,5,True,2024-02-16,2024-01-14,2024-07-14,2024-06-04,2024-10-19,Task 126,False,0.18,Training Set
127,Blocked,False,2,76,23,86.15426947091996,2418.953242490333,Q3 Product Feature Launch,Low,Missing,Passed,Team Delta,Development (Frontend),53.973679271611964,15.370709561798398,3,False,3,True,2024-01-22,2024-03-12,2024-06-07,2024-09-04,2024-09-27,Task 127,False,0.15,Training Set
128,To Do,False,57,62,23,24.657425133653604,2225.8519984196664,Holiday Marketing Campaign,Low,Handoff Delay,None,Team Alpha,Strategy & Planning,81.46365776612195,61.7363861243877,1,True,22,True,2024-05-06,2024-02-10,2024-03-14,2024-05-23,2024-06-14,Task 128,False,0.07,Training Set
129,Completed,False,6,15,14,81.86004676981234,4304.387240433847,Website Redesign - User Experience,High,Scope Creep,None,Team Alpha,Legal & Compliance Review,25.487634476526864,29.213085336117995,4,True,29,True,2024-05-06,2024-01-18,2024-05-26,2024-09-04,2024-05-15,Task 129,False,0.28,Training Set
130,In Progress,True,27,58,13,93.78705487486113,2335.860696932171,Customer Onboarding Flow Optimization,Critical,Data Access,Minor Rework,Team Gamma,Strategy & Planning,42.26004979264694,70.93473578132112,1,False,0,True,2024-05-20,2024-06-26,2024-04-21,2024-09-11,2024-07-24,Task 130,True,0.69,Training Set
131,Blocked,False,32,21,10,43.31046505968909,706.5104576746497,Q3 Product Feature Launch,Low,Technical Bug,Failed QA,Team Beta,Development (Backend),44.30054318238511,10.68017520635818,4,True,22,True,2024-03-09,2024-04-16,2024-04-30,2024-04-14,2024-09-05,Task 131,False,0.14,Training Set
132,Blocked,False,51,38,1,53.045166046677096,710.5531020533763,Customer Onboarding Flow Optimization,Critical,Data Access,Failed QA,Team Alpha,Customer Support Prep,60.40287042929998,52.054616339360194,4,True,29,False,2024-02-26,2024-07-07,2024-08-24,2024-09-14,2024-08-29,Task 132,False,0.08,Training Set
133,Completed,True,31,57,18,82.5744696765318,717.490198397615,Customer Onboarding Flow Optimization,Low,Client Feedback,Passed,Team Gamma,Deployment & Release,14.642994772919337,48.53297789090513,7,True,4,True,2024-01-02,2024-05-10,2024-08-15,2024-07-02,2024-06-08,Task 133,True,0.85,Training Set
134,To Do,False,30,34,26,93.67559294276573,4045.487637456023,Customer Onboarding Flow Optimization,Critical,Data Access,Review Status Missing,Team Gamma,Development (Frontend),85.4276067251778,53.60985875682773,5,True,22,False,2024-03-22,2024-02-15,2024-06-23,2024-05-13,2024-06-03,Task 134,True,0.55,Test Set
135,To Do,False,17,80,13,65.05197282617041,1059.4839324551585,Internal Tool Development,Critical,Client Feedback,Passed,Team Alpha,Legal & Compliance Review,11.92485514925462,23.20956791584453,4,False,8,False,2024-04-17,2024-02-29,2024-07-30,2024-04-25,2024-09-20,Task 135,True,0.51,Test Set
136,Review,True,23,89,19,59.542530541193415,1586.7674036808562,Website Redesign - User Experience,Critical,Data Access,Review Status Missing,Team Alpha,Development (Backend),59.01528934091772,29.612061959301833,5,True,5,True,2024-03-21,2024-06-02,2024-08-15,2024-08-06,2024-09-20,Task 136,True,0.79,Training Set
137,Review,True,22,78,13,59.96384966965857,2207.6644939607163,Website Redesign - User Experience,High,Client Feedback,None,Team Gamma,Development (Backend),6.690493981019319,42.9079223459948,5,False,2,False,2024-03-30,2024-06-01,2024-03-23,2024-04-20,2024-05-31,Task 137,True,0.8,Training Set
138,Blocked,False,55,28,0,98.42719192630258,4023.0980444386505,Holiday Marketing Campaign,Medium,Technical Bug,Minor Rework,Team Alpha,Legal & Compliance Review,90.68663708684915,31.989140508822363,3,False,10,True,2024-01-12,2024-01-26,2024-07-21,2024-04-17,2024-08-21,Task 138,False,0.09,Training Set
139,To Do,True,39,86,27,76.76000558057905,4271.39631099861,Q3 Product Feature Launch,Low,Client Feedback,None,Team Alpha,Marketing & Promotion,25.506551207971473,38.25093554349924,2,True,24,False,2024-05-09,2024-02-20,2024-03-01,2024-08-28,2024-07-25,Task 139,True,0.79,Training Set
140,Review,True,30,8,4,99.45415027575814,119.51893883368842,Q3 Product Feature Launch,Low,Design Approval,Failed QA,Team Alpha,Development (Frontend),90.91361909117376,58.71104102765663,4,True,29,True,2024-06-01,2024-04-12,2024-04-10,2024-07-25,2024-08-05,Task 140,True,0.76,Training Set
141,Completed,True,41,6,7,41.4756676021877,2079.7262723968624,Website Redesign - User Experience,Medium,Client Feedback,Review Status Missing,Team Delta,Marketing & Promotion,11.439950606169969,35.32431304437296,5,True,7,False,2024-02-25,2024-03-14,2024-06-05,2024-06-13,2024-09-11,Task 141,False,0.42,Test Set
142,Review,True,6,68,26,99.740588788799,685.4110729683613,Website Redesign - User Experience,Critical,Design Approval,Review Status Missing,Team Beta,Legal & Compliance Review,60.10109092757278,54.300986174939986,2,True,4,True,2024-06-01,2024-06-19,2024-08-06,2024-08-19,2024-10-26,Task 142,True,0.51,Test Set
143,Blocked,False,11,44,26,57.241422714276304,2721.3107992849705,Q3 Product Feature Launch,Low,Resource Unavail.,Failed QA,Team Beta,Legal & Compliance Review,57.14421959450328,16.67736586003368,1,False,4,True,2024-02-05,2024-05-26,2024-03-01,2024-07-12,2024-07-17,Task 143,False,0.19,Training Set
144,Review,False,21,45,10,79.06486777322692,3966.4281692537884,Internal Tool Development,Medium,Missing,Minor Rework,Team Beta,Development (Backend),65.04524846167769,49.00179835799943,5,True,20,False,2024-04-07,2024-05-16,2024-07-08,2024-06-14,2024-05-11,Task 144,False,0.21,Training Set
145,Completed,True,19,72,3,42.96157758186798,2678.364470015875,Customer Onboarding Flow Optimization,Critical,Handoff Delay,None,Team Delta,Strategy & Planning,60.0344193554502,4.015793780031364,3,True,15,False,2024-06-19,2024-06-30,2024-03-05,2024-05-26,2024-10-19,Task 145,True,0.72,Training Set
146,Review,True,40,79,18,99.31186762986492,2198.3248399603112,Website Redesign - User Experience,High,Scope Creep,Minor Rework,Team Alpha,Analytics & Reporting,79.3370664726213,22.42229924871508,1,True,22,False,2024-02-04,2024-02-27,2024-08-12,2024-09-14,2024-07-15,Task 146,True,0.82,Training Set
147,Blocked,False,21,83,1,98.14865270845735,4295.814919729991,Q3 Product Feature Launch,Medium,Technical Bug,Review Status Missing,Team Alpha,Deployment & Release,88.27525127037883,39.47534145582476,9,False,2,True,2024-01-21,2024-02-25,2024-04-25,2024-05-09,2024-08-17,Task 147,False,0.27,Test Set
148,Blocked,True,35,28,12,98.94794288050946,256.11317119591877,Internal Tool Development,Critical,Technical Bug,None,Team Alpha,Development (Frontend),46.05462723649587,28.940901555932474,1,False,8,True,2024-05-08,2024-01-13,2024-07-21,2024-09-11,2024-05-27,Task 148,True,0.79,Training Set
149,Blocked,True,29,54,8,56.18753673732116,1997.3474459263336,Q3 Product Feature Launch,Low,Resource Unavail.,Review Status Missing,Team Delta,Legal & Compliance Review,0.5969943980678738,34.56502025506648,1,False,27,False,2024-02-16,2024-05-31,2024-05-28,2024-06-09,2024-05-01,Task 149,True,0.72,Training Set
150,Blocked,False,53,88,6,68.28852679060452,3383.3900796815087,Q3 Product Feature Launch,Medium,Data Access,None,Team Beta,Content Creation,5.284731510884811,78.90486679167802,9,False,10,True,2024-02-19,2024-07-01,2024-04-22,2024-09-27,2024-05-31,Task 150,False,0.12,Training Set
151,In Progress,True,24,73,11,59.094161935286785,4605.5772944861965,Website Redesign - User Experience,Medium,Missing,None,Team Alpha,Analytics & Reporting,42.58408794173071,58.316515393404124,3,True,23,False,2024-03-31,2024-06-29,2024-04-13,2024-07-16,2024-09-05,Task 151,True,0.82,Training Set
152,In Progress,False,58,49,24,31.872294849174992,2614.68121579854,Q3 Product Feature Launch,High,Design Approval,Review Status Missing,Team Beta,Design & UX,24.58382333035357,74.19230529302267,6,True,19,True,2024-03-03,2024-03-24,2024-07-10,2024-06-14,2024-05-17,Task 152,False,0.21,Training Set
153,Review,False,51,47,28,77.01025754558043,4573.802374893213,Customer Onboarding Flow Optimization,High,Client Feedback,Review Status Missing,Team Gamma,Deployment & Release,64.83953747974276,11.314808666908679,4,True,8,True,2024-01-14,2024-02-27,2024-08-14,2024-09-22,2024-08-22,Task 153,False,0.22,Training Set
154,In Progress,False,46,10,29,54.30215834597589,2595.688268492739,Internal Tool Development,Medium,Technical Bug,Passed,Team Beta,Development (Frontend),44.90910599932978,61.77926082166352,1,False,19,False,2024-02-17,2024-02-18,2024-04-26,2024-08-23,2024-09-04,Task 154,False,0.11,Training Set
155,In Progress,False,26,83,27,63.93161763065401,2742.2484078611956,Website Redesign - User Experience,Low,Scope Creep,None,Team Gamma,Development (Backend),88.69327579675415,38.77704082013884,4,True,9,True,2024-04-28,2024-02-17,2024-05-01,2024-05-23,2024-05-09,Task 155,False,0.2,Training Set
156,Review,False,42,57,0,81.54512844247266,4141.910693142268,Internal Tool Development,Low,Resource Unavail.,Failed QA,Team Gamma,Development (Frontend),35.08886036460163,40.38997017679034,4,True,23,False,2024-02-29,2024-04-07,2024-03-03,2024-04-17,2024-07-12,Task 156,False,0.09,Training Set
157,To Do,False,52,65,3,32.517875925845566,747.0140564641741,Holiday Marketing Campaign,High,Technical Bug,Failed QA,Team Beta,Marketing & Promotion,0.2943289434871432,15.072466555779894,3,True,4,True,2024-04-03,2024-06-09,2024-04-17,2024-05-23,2024-09-08,Task 157,False,0.3,Test Set
158,In Progress,False,53,65,21,81.86328277459208,1233.641929971228,Website Redesign - User Experience,Low,Scope Creep,Minor Rework,Team Beta,Customer Support Prep,89.3110383494751,70.52372079859315,4,True,24,False,2024-02-20,2024-04-07,2024-06-02,2024-09-04,2024-10-01,Task 158,False,0.11,Training Set
159,Completed,False,13,21,1,86.61560724047276,1588.4483896744996,Q3 Product Feature Launch,High,Design Approval,None,Team Beta,PMO & Coordination,63.14504234298624,41.277134558124075,9,True,24,True,2024-05-11,2024-07-03,2024-04-06,2024-05-31,2024-10-27,Task 159,False,0.18,Training Set
160,Blocked,False,34,21,29,65.60455995796174,3481.313081761268,Q3 Product Feature Launch,Medium,Design Approval,Minor Rework,Team Alpha,Deployment & Release,35.44885988726312,38.29209154771295,1,False,29,True,2024-06-15,2024-01-23,2024-03-29,2024-06-23,2024-08-01,Task 160,False,0.44,Test Set
161,In Progress,False,24,22,16,92.88335319797444,3902.20042453268,Internal Tool Development,Medium,Design Approval,Review Status Missing,Team Gamma,Design & UX,97.67501818990118,52.50184737009482,8,True,26,True,2024-01-02,2024-02-02,2024-04-19,2024-06-18,2024-05-25,Task 161,False,0.46,Test Set
162,Blocked,True,13,82,14,60.70120732212385,2146.4159057243814,Customer Onboarding Flow Optimization,Low,Missing,Passed,Team Beta,Deployment & Release,49.137634879404445,1.5721219570024623,6,True,9,False,2024-06-04,2024-01-22,2024-04-07,2024-07-15,2024-10-02,Task 162,False,0.4,Test Set
163,Review,True,48,81,8,55.18316062400395,2073.4504238598074,Q3 Product Feature Launch,Critical,Client Feedback,Minor Rework,Team Gamma,Development (Backend),65.1111992924451,70.24119631314596,2,False,12,False,2024-06-09,2024-05-17,2024-03-03,2024-04-08,2024-07-23,Task 163,False,0.28,Test Set
164,In Progress,False,39,25,6,82.34927633432076,2333.468394512449,Q3 Product Feature Launch,Critical,Handoff Delay,None,Team Beta,Design & UX,34.19414024112009,1.660714110492162,9,True,3,False,2024-06-14,2024-02-11,2024-07-26,2024-06-17,2024-09-05,Task 164,False,0.18,Training Set
165,Completed,False,37,63,22,95.84663478788278,3930.143945962032,Internal Tool Development,Critical,Design Approval,Minor Rework,Team Beta,Strategy & Planning,43.83137212718614,24.34028536435231,5,False,20,False,2024-03-15,2024-01-14,2024-08-03,2024-06-17,2024-07-15,Task 165,False,0.13,Training Set
166,Blocked,False,5,54,13,34.33959573296151,649.094997809008,Website Redesign - User Experience,Medium,Technical Bug,None,Team Gamma,Analytics & Reporting,49.15419482778367,13.148528223518356,7,False,16,False,2024-05-14,2024-07-02,2024-06-06,2024-07-19,2024-08-16,Task 166,False,0.4,Test Set
167,In Progress,False,8,79,12,67.72566221349582,356.10931387126726,Internal Tool Development,High,Scope Creep,Review Status Missing,Team Beta,Content Creation,37.712149085342325,38.34632156541696,2,False,0,True,2024-03-12,2024-01-31,2024-07-24,2024-08-06,2024-10-26,Task 167,False,0.35,Test Set
168,Review,True,46,16,29,54.41695671133175,3903.875207877255,Holiday Marketing Campaign,Critical,Scope Creep,Review Status Missing,Team Beta,PMO & Coordination,22.80837221423554,76.90612202147437,6,True,29,False,2024-02-16,2024-06-01,2024-04-09,2024-07-12,2024-05-24,Task 168,True,0.75,Training Set
169,Review,False,47,54,19,33.81644219861323,1213.7771995624162,Holiday Marketing Campaign,High,Client Feedback,Minor Rework,Team Alpha,PMO & Coordination,40.838046133851,50.57295473637338,1,True,6,False,2024-06-23,2024-06-26,2024-04-25,2024-05-12,2024-08-29,Task 169,False,0.12,Training Set
170,To Do,False,1,28,6,65.46670839214217,4641.661021311323,Internal Tool Development,Critical,Technical Bug,Minor Rework,Team Delta,Strategy & Planning,32.090656482699465,26.065003338398164,9,True,24,True,2024-03-08,2024-03-16,2024-04-26,2024-09-23,2024-06-23,Task 170,False,0.15,Training Set
171,Completed,True,5,75,25,77.54298734409723,4182.947135249922,Holiday Marketing Campaign,High,Scope Creep,Failed QA,Team Delta,Customer Support Prep,16.445310057087337,43.68134143579489,4,False,21,False,2024-02-22,2024-05-16,2024-06-05,2024-04-13,2024-06-22,Task 171,True,0.79,Training Set
172,In Progress,False,49,45,10,34.25559555421713,765.2283436242523,Internal Tool Development,Medium,Missing,Minor Rework,Team Alpha,Legal & Compliance Review,96.48184938844761,61.3907860204849,2,False,1,True,2024-01-12,2024-06-26,2024-03-12,2024-06-30,2024-05-28,Task 172,False,0.05,Training Set
173,Review,True,25,12,2,84.18064591644688,4262.412819756288,Customer Onboarding Flow Optimization,Low,Technical Bug,Failed QA,Team Delta,Customer Support Prep,22.16139170190984,16.867027546541188,4,True,18,True,2024-06-18,2024-01-21,2024-04-12,2024-09-03,2024-08-05,Task 173,False,0.34,Test Set
174,To Do,True,37,65,7,44.35373339665429,4402.433244265703,Q3 Product Feature Launch,Medium,Handoff Delay,None,Team Gamma,PMO & Coordination,25.98080624324033,62.03021911851097,9,True,2,True,2024-05-15,2024-07-04,2024-05-01,2024-04-12,2024-09-29,Task 174,True,0.71,Training Set
175,Blocked,False,40,81,6,41.180075811363885,3697.7368356403113,Q3 Product Feature Launch,Low,Handoff Delay,Passed,Team Gamma,Customer Support Prep,27.307916026129742,25.875175032686034,6,False,26,False,2024-02-26,2024-05-20,2024-03-16,2024-04-17,2024-08-23,Task 175,False,0.13,Training Set
176,Blocked,False,39,8,2,36.39665912774764,1973.18449580853,Internal Tool Development,Medium,Missing,Failed QA,Team Delta,Customer Support Prep,94.34820716256012,20.743099577099134,2,False,27,True,2024-06-12,2024-03-14,2024-04-09,2024-05-15,2024-05-12,Task 176,False,0.11,Training Set
177,Review,True,15,15,20,53.97905167497396,3333.4859397828,Holiday Marketing Campaign,Low,Data Access,Failed QA,Team Alpha,Analytics & Reporting,7.457008054206183,27.176606809502054,4,True,23,True,2024-01-03,2024-01-15,2024-04-05,2024-06-05,2024-08-15,Task 177,True,0.78,Training Set
178,To Do,False,47,67,18,44.9498584898644,519.9632739322803,Q3 Product Feature Launch,Medium,Client Feedback,None,Team Gamma,PMO & Coordination,76.1692577369393,25.2212243753879,9,False,21,True,2024-02-28,2024-06-06,2024-07-11,2024-05-04,2024-05-26,Task 178,False,0.15,Training Set
179,Blocked,True,36,13,17,70.65651311549085,4087.7398117365847,Internal Tool Development,Medium,Handoff Delay,Minor Rework,Team Beta,Legal & Compliance Review,76.03465995693777,3.0645276621236976,9,False,0,False,2024-01-31,2024-07-05,2024-03-06,2024-04-14,2024-10-25,Task 179,True,0.68,Training Set
180,In Progress,False,4,65,13,86.3539796512268,2312.5515782392595,Q3 Product Feature Launch,Low,Technical Bug,Failed QA,Team Gamma,Customer Support Prep,64.92308200892063,17.037052947585824,8,False,5,True,2024-04-19,2024-04-16,2024-08-24,2024-05-13,2024-09-01,Task 180,False,0.12,Training Set
181,Blocked,True,9,25,11,38.65341872713227,1949.0512403682928,Q3 Product Feature Launch,Low,Resource Unavail.,Minor Rework,Team Beta,Analytics & Reporting,82.68445391815145,1.6518432068333606,1,True,7,True,2024-05-14,2024-03-28,2024-08-11,2024-05-15,2024-07-25,Task 181,True,0.83,Training Set
182,Blocked,True,37,7,5,73.85609696567316,1418.7190098305598,Holiday Marketing Campaign,Critical,Missing,Failed QA,Team Alpha,Marketing & Promotion,4.174945170134037,48.05570188503279,9,False,7,False,2024-05-13,2024-05-22,2024-05-28,2024-04-23,2024-10-06,Task 182,True,0.69,Training Set
183,In Progress,True,17,40,23,76.835554525711,1922.5379825155478,Holiday Marketing Campaign,Low,Client Feedback,Review Status Missing,Team Delta,Design & UX,42.293564272003245,36.88218758605602,4,False,18,True,2024-02-27,2024-06-30,2024-05-09,2024-06-05,2024-07-16,Task 183,True,0.83,Training Set
184,Completed,False,45,13,26,78.79186188615768,1968.2686367527567,Q3 Product Feature Launch,Critical,Data Access,Failed QA,Team Beta,Deployment & Release,70.90624300839069,3.5782600574954397,7,False,22,False,2024-06-05,2024-04-02,2024-08-12,2024-05-07,2024-06-21,Task 184,False,0.16,Training Set
185,Blocked,False,29,10,3,27.389164922536864,3150.540722510473,Q3 Product Feature Launch,Critical,Design Approval,Review Status Missing,Team Beta,Development (Backend),58.752771729799825,67.1004934293411,3,True,24,False,2024-03-02,2024-03-03,2024-05-02,2024-09-26,2024-07-11,Task 185,False,0.38,Test Set
186,Blocked,False,28,61,23,56.769535106137894,1940.2897344024811,Holiday Marketing Campaign,Medium,Client Feedback,Passed,Team Delta,Legal & Compliance Review,54.88032453573815,79.62094926112597,7,True,5,False,2024-03-01,2024-02-16,2024-06-03,2024-05-10,2024-06-14,Task 186,False,0.11,Training Set
187,Review,False,39,52,11,39.92503073236887,2784.3760616579307,Internal Tool Development,Critical,Data Access,Passed,Team Delta,Development (Backend),31.98587185349524,21.966721809213265,5,False,22,True,2024-06-03,2024-02-15,2024-06-03,2024-05-27,2024-06-06,Task 187,False,0.15,Training Set
188,Completed,False,11,53,15,64.19750433818385,3086.2430352748615,Customer Onboarding Flow Optimization,High,Technical Bug,Review Status Missing,Team Beta,Analytics & Reporting,61.623713747749875,66.44504007373791,4,False,11,True,2024-04-01,2024-01-28,2024-07-07,2024-06-15,2024-05-29,Task 188,False,0.13,Training Set
189,Completed,False,8,89,25,69.69292359694498,638.0016168323646,Holiday Marketing Campaign,Low,Client Feedback,None,Team Alpha,Marketing & Promotion,85.80138783431829,18.931570293811504,3,False,12,False,2024-06-06,2024-03-16,2024-08-06,2024-04-30,2024-08-11,Task 189,False,0.15,Training Set
190,Completed,False,5,80,25,39.59754268481668,1390.606069229706,Holiday Marketing Campaign,High,Design Approval,Failed QA,Team Beta,Design & UX,24.048002697048453,66.23577096532475,2,False,1,False,2024-01-19,2024-02-14,2024-08-23,2024-04-12,2024-05-28,Task 190,False,0.33,Test Set
191,To Do,False,57,85,3,54.13817997796478,2980.2652862741566,Q3 Product Feature Launch,High,Handoff Delay,Minor Rework,Team Beta,Legal & Compliance Review,72.40218948756781,58.6055430291138,3,True,28,False,2024-03-10,2024-05-06,2024-03-17,2024-07-21,2024-08-22,Task 191,False,0.1,Training Set
192,Review,False,50,86,13,68.51922440129056,3646.800578790646,Q3 Product Feature Launch,Medium,Missing,Passed,Team Delta,Legal & Compliance Review,9.998956162696615,67.72786628680021,6,True,23,True,2024-04-15,2024-06-18,2024-05-07,2024-07-03,2024-07-24,Task 192,False,0.15,Training Set
193,Review,True,30,41,1,49.738666116231364,2999.606475545901,Q3 Product Feature Launch,High,Handoff Delay,Failed QA,Team Beta,PMO & Coordination,15.982583333405898,60.25177219279882,9,False,27,False,2024-03-17,2024-07-01,2024-05-27,2024-07-02,2024-08-17,Task 193,True,0.71,Training Set
194,Review,False,28,86,5,81.61685851818825,4376.335755378761,Holiday Marketing Campaign,Low,Resource Unavail.,Minor Rework,Team Delta,Legal & Compliance Review,3.8873340788439736,4.548656932801631,9,True,27,False,2024-02-25,2024-02-28,2024-05-13,2024-07-11,2024-09-13,Task 194,False,0.2,Training Set
195,In Progress,True,21,79,10,64.8549991696153,1043.9532681223486,Internal Tool Development,Medium,Design Approval,Passed,Team Alpha,PMO & Coordination,4.769586288842598,1.0950601097301116,6,True,10,True,2024-01-10,2024-02-15,2024-08-04,2024-06-23,2024-08-06,Task 195,False,0.49,Test Set
196,To Do,False,37,24,8,45.196153441508436,4917.068991788497,Internal Tool Development,Low,Data Access,Failed QA,Team Delta,Strategy & Planning,97.63252793319747,51.951016823235,3,True,9,False,2024-06-21,2024-01-21,2024-06-19,2024-09-22,2024-07-21,Task 196,False,0.12,Training Set
197,To Do,True,36,68,9,69.25117051316602,188.9350734531315,Website Redesign - User Experience,Critical,Design Approval,None,Team Gamma,Analytics & Reporting,26.97133272231951,42.54279457593858,2,True,28,True,2024-04-06,2024-06-15,2024-03-15,2024-09-26,2024-08-17,Task 197,True,0.82,Training Set
198,Blocked,False,15,88,0,44.943988733469055,2733.24647048322,Holiday Marketing Campaign,High,Design Approval,Review Status Missing,Team Alpha,Analytics & Reporting,7.739289336665456,56.33007484934227,4,True,2,False,2024-03-05,2024-05-01,2024-05-19,2024-04-12,2024-07-10,Task 198,False,0.09,Training Set
199,Review,True,6,42,13,71.84397002521153,2079.827074271262,Q3 Product Feature Launch,Critical,Missing,Minor Rework,Team Gamma,Customer Support Prep,71.5830706722238,21.38729679664598,6,False,27,True,2024-01-13,2024-02-03,2024-03-31,2024-09-16,2024-08-16,Task 199,False,0.4,Test Set
200,To Do,False,57,79,23,32.06179754004325,2932.1413023308946,Website Redesign - User Experience,Medium,Missing,Failed QA,Team Delta,Strategy & Planning,33.67248478254648,70.19193989611465,8,True,1,False,2024-03-20,2024-06-26,2024-06-02,2024-09-13,2024-06-07,Task 200,False,0.12,Training Set
201,Blocked,False,51,69,4,62.84823080420006,3519.0242621079856,Holiday Marketing Campaign,High,Client Feedback,Review Status Missing,Team Alpha,Marketing & Promotion,56.89072011012364,45.27278627148449,6,True,22,False,2024-06-15,2024-03-07,2024-08-05,2024-04-06,2024-05-25,Task 201,False,0.09,Training Set
202,Review,True,41,66,22,76.27894186142164,2826.7525072412386,Customer Onboarding Flow Optimization,Low,Handoff Delay,Passed,Team Beta,Design & UX,8.494502054512765,65.05807083193616,2,True,11,True,2024-04-26,2024-04-02,2024-03-18,2024-08-26,2024-09-14,Task 202,True,0.77,Training Set
203,Blocked,True,24,63,2,47.038397807347636,4424.234850685722,Q3 Product Feature Launch,Low,Scope Creep,Failed QA,Team Alpha,Design & UX,98.48402813330402,29.339135446671477,4,False,28,True,2024-05-01,2024-03-19,2024-07-24,2024-08-22,2024-10-26,Task 203,True,0.73,Training Set
204,Blocked,False,25,49,1,39.89336093964886,2227.5427576912653,Customer Onboarding Flow Optimization,Critical,Scope Creep,Passed,Team Gamma,Analytics & Reporting,20.607528699334143,68.28793257081401,9,False,12,True,2024-01-31,2024-03-14,2024-05-24,2024-07-11,2024-05-01,Task 204,False,0.35,Test Set
205,Review,True,5,13,23,51.29395434861847,1432.6316722348067,Holiday Marketing Campaign,High,Client Feedback,Minor Rework,Team Alpha,QA & Testing,85.97612056966355,52.53042662949553,6,True,24,True,2024-01-21,2024-02-24,2024-04-21,2024-07-28,2024-08-26,Task 205,True,0.79,Training Set
206,Review,False,45,52,20,58.19381652588467,2198.8169344860617,Internal Tool Development,Critical,Scope Creep,Passed,Team Alpha,Deployment & Release,23.332647249630668,71.30212979430063,3,False,17,False,2024-04-01,2024-01-29,2024-03-08,2024-05-30,2024-09-07,Task 206,False,0.27,Test Set
207,Review,False,31,85,0,60.06679042376845,297.9352718593054,Internal Tool Development,Low,Handoff Delay,Minor Rework,Team Alpha,PMO & Coordination,46.13565713710379,20.905172996096066,2,False,19,False,2024-06-07,2024-01-20,2024-07-07,2024-07-05,2024-06-01,Task 207,False,0.07,Training Set
208,To Do,False,56,21,11,30.659327405266417,1832.6978104835255,Website Redesign - User Experience,Low,Resource Unavail.,Minor Rework,Team Gamma,Development (Backend),5.288299890571036,8.107971930431322,2,False,1,False,2024-01-27,2024-04-11,2024-07-04,2024-06-19,2024-06-09,Task 208,False,0.11,Training Set
209,Review,False,43,74,12,93.63944431783082,1218.5246727126687,Q3 Product Feature Launch,Low,Scope Creep,Passed,Team Beta,Legal & Compliance Review,40.29778738518285,8.071411769790629,7,False,21,False,2024-04-08,2024-06-09,2024-08-26,2024-08-21,2024-10-18,Task 209,False,0.08,Training Set
210,To Do,False,10,47,5,54.60949539734031,4573.475603757904,Website Redesign - User Experience,Critical,Client Feedback,Failed QA,Team Beta,Customer Support Prep,82.51680500472268,50.46629472016678,5,True,20,False,2024-05-27,2024-03-26,2024-08-20,2024-04-11,2024-05-24,Task 210,True,0.51,Test Set
211,Blocked,True,41,28,8,97.35821185532376,2137.194709879579,Website Redesign - User Experience,Critical,Data Access,Minor Rework,Team Alpha,Analytics & Reporting,60.36488894660743,21.235088961660207,3,True,8,False,2024-05-25,2024-04-15,2024-05-31,2024-04-03,2024-06-02,Task 211,True,0.83,Training Set
212,In Progress,False,5,13,3,80.63904104151976,2331.451388519174,Q3 Product Feature Launch,Medium,Missing,Minor Rework,Team Delta,Marketing & Promotion,1.663472141189426,73.67626926669962,3,True,15,False,2024-01-30,2024-05-09,2024-08-13,2024-05-23,2024-08-11,Task 212,False,0.1,Training Set
213,In Progress,True,51,31,13,88.96071396239465,2613.464284433297,Internal Tool Development,Low,Handoff Delay,Review Status Missing,Team Alpha,Design & UX,18.82338233763384,45.853797304905406,7,False,9,False,2024-04-17,2024-04-22,2024-05-31,2024-05-26,2024-06-19,Task 213,False,0.31,Test Set
214,Completed,False,45,72,28,97.23305833396991,3031.0484112437607,Holiday Marketing Campaign,Medium,Scope Creep,Minor Rework,Team Delta,Content Creation,61.164986818473224,62.58720606085909,6,False,7,False,2024-04-16,2024-05-07,2024-05-16,2024-05-18,2024-09-08,Task 214,False,0.1,Training Set
215,To Do,True,54,51,19,86.15563562416273,4590.652784393195,Customer Onboarding Flow Optimization,High,Scope Creep,Passed,Team Gamma,Deployment & Release,89.83779601183262,2.2682581518740625,5,True,8,True,2024-03-19,2024-05-26,2024-08-22,2024-05-23,2024-09-03,Task 215,True,0.65,Training Set
216,Blocked,False,44,46,22,49.321371892212724,412.06423497549235,Q3 Product Feature Launch,Low,Resource Unavail.,None,Team Gamma,Content Creation,84.23798062628855,78.67306166707971,3,False,27,False,2024-03-17,2024-01-17,2024-03-21,2024-05-12,2024-08-21,Task 216,False,0.07,Training Set
217,Review,False,14,88,20,85.7476646558931,3406.7177871120093,Customer Onboarding Flow Optimization,Low,Client Feedback,Minor Rework,Team Delta,QA & Testing,72.9981537453983,42.01463025039237,7,False,17,False,2024-05-11,2024-03-25,2024-06-21,2024-08-20,2024-09-29,Task 217,False,0.16,Training Set
218,To Do,False,32,17,27,55.0971600553569,4964.593298757012,Website Redesign - User Experience,High,Technical Bug,None,Team Gamma,Development (Frontend),52.19407042450859,73.79293306270766,8,True,0,True,2024-05-22,2024-01-11,2024-05-28,2024-08-11,2024-09-23,Task 218,False,0.13,Training Set
219,To Do,True,46,85,23,31.93779743180638,847.4323479717051,Internal Tool Development,High,Client Feedback,Passed,Team Delta,Strategy & Planning,46.06633218000745,2.764833980178268,8,False,4,False,2024-04-07,2024-02-20,2024-03-30,2024-09-18,2024-08-17,Task 219,False,0.39,Test Set
220,Review,False,50,84,16,25.420391724479032,3635.643599330145,Internal Tool Development,Low,Resource Unavail.,Minor Rework,Team Gamma,Analytics & Reporting,84.40044238895311,54.444219536096085,9,True,1,True,2024-06-08,2024-03-22,2024-07-01,2024-05-12,2024-06-05,Task 220,False,0.07,Training Set
221,Review,False,30,15,12,63.61903355088785,3535.3609165343164,Q3 Product Feature Launch,High,Handoff Delay,Failed QA,Team Alpha,Strategy & Planning,65.98316422024007,39.751787473592266,7,True,0,False,2024-05-04,2024-05-26,2024-06-14,2024-09-01,2024-09-04,Task 221,False,0.17,Training Set
222,Completed,False,40,5,2,61.07846814755946,498.28907131459187,Holiday Marketing Campaign,Medium,Handoff Delay,Review Status Missing,Team Alpha,Customer Support Prep,32.10386917188771,57.0330555428413,4,False,17,True,2024-04-19,2024-01-14,2024-03-09,2024-08-18,2024-07-03,Task 222,False,0.1,Training Set
223,Completed,True,41,54,14,55.06430698744768,841.8829422906665,Q3 Product Feature Launch,Low,Resource Unavail.,Passed,Team Delta,QA & Testing,35.67957741349489,59.78040313582294,7,False,0,False,2024-02-12,2024-05-04,2024-07-28,2024-06-05,2024-06-20,Task 223,True,0.82,Training Set
224,Review,False,3,30,27,43.34035203568747,267.00705989076465,Q3 Product Feature Launch,High,Technical Bug,Review Status Missing,Team Alpha,PMO & Coordination,78.83042006938989,29.460297326878184,1,False,13,False,2024-04-27,2024-03-25,2024-06-29,2024-07-22,2024-08-19,Task 224,False,0.2,Training Set
225,To Do,True,2,20,14,98.39251235881358,3125.276484487007,Customer Onboarding Flow Optimization,High,Data Access,Minor Rework,Team Gamma,Development (Frontend),68.3316675800585,16.57958653916322,5,True,2,False,2024-03-18,2024-01-10,2024-03-07,2024-06-30,2024-10-04,Task 225,True,0.85,Training Set
226,Completed,True,10,85,24,88.84045093736003,3694.827832012559,Internal Tool Development,Medium,Data Access,Minor Rework,Team Beta,Marketing & Promotion,72.63598258627957,40.852183723273534,2,True,4,True,2024-05-10,2024-06-09,2024-03-19,2024-09-19,2024-06-10,Task 226,True,0.82,Training Set
227,Review,False,8,59,12,98.78528587971596,4214.786753776281,Holiday Marketing Campaign,High,Scope Creep,Minor Rework,Team Alpha,PMO & Coordination,40.85236304192592,53.40120228584558,4,True,15,True,2024-01-19,2024-06-01,2024-06-15,2024-08-02,2024-06-24,Task 227,True,0.51,Test Set
228,Blocked,True,21,31,9,60.89361197980598,1600.5549713499731,Customer Onboarding Flow Optimization,Low,Technical Bug,Failed QA,Team Delta,Design & UX,1.6390041466281646,69.06067198662095,9,True,27,True,2024-04-15,2024-03-10,2024-07-30,2024-05-24,2024-08-01,Task 228,True,0.85,Training Set
229,Completed,False,53,47,5,70.58142257232069,1652.1581155409597,Website Redesign - User Experience,Low,Handoff Delay,Failed QA,Team Alpha,Legal & Compliance Review,82.21500515386674,15.209924612991113,1,False,18,True,2024-05-11,2024-03-15,2024-06-25,2024-07-26,2024-07-18,Task 229,False,0.13,Training Set
230,In Progress,False,17,78,4,23.98683478027295,367.3308550300354,Customer Onboarding Flow Optimization,High,Resource Unavail.,Failed QA,Team Beta,Legal & Compliance Review,15.176472002470598,40.757150217585504,5,True,10,False,2024-01-10,2024-02-07,2024-05-19,2024-05-31,2024-08-03,Task 230,False,0.1,Training Set
231,Review,False,31,71,21,43.12077278503219,2286.743004032856,Internal Tool Development,Critical,Design Approval,Passed,Team Gamma,PMO & Coordination,93.56684763962485,75.91185351658896,7,True,18,False,2024-04-16,2024-02-10,2024-08-23,2024-08-20,2024-06-17,Task 231,False,0.18,Training Set
232,In Progress,False,24,74,4,76.79161838033757,3995.461316523178,Internal Tool Development,High,Scope Creep,Failed QA,Team Delta,Marketing & Promotion,38.44363118087797,6.368651906752231,8,True,6,False,2024-06-14,2024-05-11,2024-06-13,2024-05-04,2024-06-11,Task 232,False,0.1,Training Set
233,Completed,False,19,57,15,65.44366202735822,4599.80648044104,Q3 Product Feature Launch,Critical,Scope Creep,Minor Rework,Team Delta,Marketing & Promotion,42.093014756918336,14.677893342347264,7,True,4,False,2024-01-31,2024-06-07,2024-06-10,2024-05-01,2024-05-15,Task 233,False,0.42,Test Set
234,To Do,False,25,87,15,51.28545833840227,2318.2572116840397,Customer Onboarding Flow Optimization,Critical,Handoff Delay,Passed,Team Beta,Content Creation,50.87201274842096,60.7402838469611,2,False,25,True,2024-03-18,2024-01-19,2024-08-25,2024-09-17,2024-07-07,Task 234,False,0.11,Training Set
235,To Do,False,33,26,20,33.472691188415986,3187.2134833405094,Internal Tool Development,Low,Scope Creep,None,Team Alpha,Legal & Compliance Review,48.556065297637176,2.200851486805268,8,False,4,False,2024-05-13,2024-03-26,2024-05-01,2024-04-17,2024-07-13,Task 235,False,0.4,Test Set
236,Review,False,10,64,24,43.14975501011404,3825.3278900988475,Q3 Product Feature Launch,Low,Client Feedback,Minor Rework,Team Beta,Development (Backend),54.7936663430789,4.591120209251804,5,True,7,True,2024-05-04,2024-05-12,2024-06-05,2024-05-14,2024-06-01,Task 236,False,0.23,Training Set
237,Completed,True,36,38,11,52.80965759978581,1385.4229898111578,Q3 Product Feature Launch,Medium,Scope Creep,Review Status Missing,Team Beta,Strategy & Planning,28.150709561306332,57.675958954041334,5,False,14,True,2024-05-31,2024-05-14,2024-03-29,2024-04-13,2024-07-21,Task 237,True,0.67,Training Set
238,Blocked,True,5,61,12,89.91998460273796,3327.63805635523,Website Redesign - User Experience,High,Scope Creep,None,Team Delta,Customer Support Prep,3.4330583084436372,2.401541425158229,3,False,19,True,2024-01-06,2024-04-02,2024-06-16,2024-04-01,2024-06-17,Task 238,False,0.5,Test Set
239,Completed,False,43,12,3,74.09282083796634,2537.975863976806,Customer Onboarding Flow Optimization,Low,Technical Bug,Minor Rework,Team Beta,Analytics & Reporting,23.945324308659877,48.52685857066528,3,True,9,True,2024-04-13,2024-03-28,2024-05-14,2024-06-08,2024-06-08,Task 239,False,0.13,Training Set
240,To Do,True,51,80,26,79.75360134954005,2353.705648579326,Internal Tool Development,Critical,Data Access,Passed,Team Alpha,Design & UX,5.960157816496636,22.185723028656636,1,True,3,True,2024-04-16,2024-05-07,2024-05-06,2024-06-30,2024-06-16,Task 240,True,0.81,Training Set
241,Completed,True,38,37,21,34.995931276778485,1210.1514583929804,Customer Onboarding Flow Optimization,Critical,Technical Bug,Passed,Team Delta,Development (Backend),32.22775062141229,6.070528288205383,3,True,2,False,2024-03-15,2024-01-14,2024-03-07,2024-06-22,2024-05-27,Task 241,True,0.82,Training Set
242,To Do,False,8,7,16,30.035295401706897,4619.554898211889,Holiday Marketing Campaign,High,Handoff Delay,None,Team Beta,Content Creation,33.38518430078336,33.85035315781067,8,False,4,True,2024-03-26,2024-06-07,2024-03-02,2024-06-20,2024-07-15,Task 242,False,0.1,Training Set
243,Review,False,47,39,6,85.5215594463202,1557.0892010063253,Internal Tool Development,Medium,Client Feedback,Failed QA,Team Delta,QA & Testing,14.681074231221425,50.49659146421018,2,True,28,False,2024-04-18,2024-02-18,2024-07-01,2024-08-11,2024-07-01,Task 243,False,0.1,Training Set
244,Review,False,50,73,13,20.069891839279165,4718.252636992447,Holiday Marketing Campaign,Critical,Missing,Minor Rework,Team Beta,Development (Backend),29.741397895004027,5.5323994222498865,1,False,13,False,2024-02-13,2024-04-14,2024-07-31,2024-07-15,2024-10-02,Task 244,False,0.1,Training Set
245,Completed,False,57,12,2,93.88227899644902,2260.5796699241127,Internal Tool Development,Critical,Client Feedback,Minor Rework,Team Alpha,Legal & Compliance Review,41.72565367981284,60.06656871300725,3,False,21,False,2024-04-11,2024-02-26,2024-08-01,2024-04-10,2024-05-30,Task 245,False,0.11,Training Set
246,Review,False,39,17,11,94.96729120743677,3438.025043565615,Website Redesign - User Experience,Medium,Missing,Failed QA,Team Delta,Marketing & Promotion,69.2098230572876,79.44125163716559,9,False,29,True,2024-03-22,2024-01-25,2024-07-10,2024-08-26,2024-10-10,Task 246,False,0.43,Test Set
247,Completed,False,31,17,20,85.72571302812766,2314.215312685669,Customer Onboarding Flow Optimization,Critical,Client Feedback,Failed QA,Team Gamma,Analytics & Reporting,15.298369755687135,10.276903611557438,1,True,12,False,2024-02-11,2024-04-08,2024-06-28,2024-08-29,2024-05-05,Task 247,False,0.18,Training Set
248,Review,True,19,86,1,79.85076743638189,2268.4253875236354,Q3 Product Feature Launch,Critical,Design Approval,Passed,Team Gamma,Analytics & Reporting,8.643461478635173,26.47664363601036,2,False,28,True,2024-01-16,2024-04-03,2024-03-30,2024-06-27,2024-09-03,Task 248,True,0.76,Training Set
249,In Progress,False,31,26,8,76.09314174582848,4951.513960334612,Holiday Marketing Campaign,Critical,Handoff Delay,Passed,Team Beta,PMO & Coordination,89.89204123482939,3.2877123434855164,6,True,4,False,2024-02-17,2024-06-09,2024-07-18,2024-09-11,2024-06-29,Task 249,False,0.07,Training Set
250,Completed,False,32,61,14,89.92355686838103,629.1815217115994,Customer Onboarding Flow Optimization,Low,Technical Bug,Failed QA,Team Alpha,Development (Frontend),33.55595194502731,57.30892901649574,9,True,15,False,2024-06-23,2024-05-03,2024-07-24,2024-07-05,2024-07-29,Task 250,False,0.2,Training Set
251,Blocked,False,15,39,27,25.890549912035674,2874.3933380579,Customer Onboarding Flow Optimization,High,Technical Bug,Passed,Team Delta,QA & Testing,4.898829399637306,56.614931121352086,7,False,13,False,2024-05-13,2024-04-13,2024-04-26,2024-08-02,2024-10-04,Task 251,False,0.18,Training Set
252,In Progress,False,14,30,24,76.81261091077478,2895.688738295984,Internal Tool Development,Low,Data Access,Failed QA,Team Gamma,Strategy & Planning,52.19021150072886,61.108514396310916,6,False,13,True,2024-06-07,2024-04-18,2024-05-04,2024-05-28,2024-10-26,Task 252,False,0.37,Test Set
253,Blocked,True,12,52,20,93.84595896736924,3315.784145727413,Website Redesign - User Experience,Critical,Client Feedback,Failed QA,Team Gamma,Development (Frontend),63.44812768940811,41.55794288571356,4,True,23,False,2024-05-21,2024-06-16,2024-07-20,2024-04-02,2024-10-05,Task 253,True,0.85,Training Set
254,Review,False,59,63,12,47.698013854778765,4458.350980730423,Holiday Marketing Campaign,Critical,Design Approval,Review Status Missing,Team Delta,Development (Frontend),53.05355376967138,76.11668784745221,9,True,29,False,2024-06-21,2024-02-01,2024-08-22,2024-06-25,2024-07-10,Task 254,False,0.1,Training Set
255,To Do,True,5,74,16,98.39104912259546,3010.174942855848,Holiday Marketing Campaign,Low,Data Access,Review Status Missing,Team Gamma,Analytics & Reporting,54.463096763177376,20.468788888648795,7,False,4,False,2024-04-14,2024-03-06,2024-05-31,2024-09-03,2024-06-11,Task 255,True,0.77,Training Set
256,In Progress,True,46,34,22,76.49615057950237,1622.2023920099464,Website Redesign - User Experience,Low,Scope Creep,Failed QA,Team Alpha,Legal & Compliance Review,25.408399867464848,38.67291692762357,7,False,5,False,2024-04-10,2024-06-07,2024-05-17,2024-08-19,2024-08-05,Task 256,True,0.77,Training Set
257,Review,True,31,80,26,35.70561934123145,3063.8768230996775,Holiday Marketing Campaign,Low,Technical Bug,Review Status Missing,Team Delta,PMO & Coordination,77.7630087931304,34.934166321877406,5,False,8,False,2024-03-09,2024-06-08,2024-03-10,2024-08-20,2024-09-23,Task 257,True,0.84,Training Set
258,Review,True,25,17,26,51.73758631472089,4255.112930738321,Website Redesign - User Experience,High,Handoff Delay,Minor Rework,Team Alpha,Deployment & Release,45.30809653928729,16.108607094653994,3,False,5,False,2024-04-25,2024-01-22,2024-08-07,2024-04-29,2024-07-03,Task 258,False,0.31,Test Set
259,Review,True,31,71,9,71.70326098016868,1593.1791998898666,Customer Onboarding Flow Optimization,Low,Data Access,Failed QA,Team Delta,Analytics & Reporting,22.45505473172369,47.29333954347866,1,True,15,True,2024-04-09,2024-05-19,2024-03-13,2024-06-05,2024-10-27,Task 259,True,0.83,Training Set
260,Review,False,54,29,11,79.02240995488397,4936.0155425336325,Customer Onboarding Flow Optimization,Low,Design Approval,None,Team Beta,Legal & Compliance Review,97.3065801986726,57.03924682849776,1,False,27,True,2024-05-21,2024-06-29,2024-04-03,2024-04-04,2024-10-19,Task 260,False,0.08,Training Set
261,To Do,False,1,33,14,68.19335674842324,3887.297837801381,Internal Tool Development,Low,Technical Bug,None,Team Gamma,Development (Frontend),71.70551356372815,8.763312796986675,8,True,26,False,2024-03-18,2024-04-26,2024-04-18,2024-09-09,2024-06-08,Task 261,False,0.2,Training Set
262,To Do,False,49,50,18,30.9971337813621,379.6781532149307,Holiday Marketing Campaign,High,Resource Unavail.,Minor Rework,Team Delta,Design & UX,26.49643734135001,3.724358183568801,8,True,10,True,2024-02-09,2024-04-30,2024-06-05,2024-07-19,2024-05-05,Task 262,False,0.36,Test Set
263,Review,True,8,43,8,80.28402229320065,3267.752253896179,Holiday Marketing Campaign,Critical,Design Approval,None,Team Delta,Customer Support Prep,79.21535121676798,34.77398593849292,1,False,9,True,2024-03-28,2024-06-14,2024-08-12,2024-09-24,2024-06-01,Task 263,True,0.78,Training Set
264,In Progress,False,45,17,1,42.852055878708185,4892.726768519458,Q3 Product Feature Launch,Medium,Scope Creep,Review Status Missing,Team Beta,Development (Backend),25.172351511116375,16.21839970958053,4,True,0,False,2024-06-23,2024-04-21,2024-06-17,2024-09-18,2024-07-22,Task 264,False,0.08,Training Set
265,Completed,False,15,46,9,35.357249832005344,1817.0642269793202,Holiday Marketing Campaign,High,Client Feedback,Review Status Missing,Team Delta,Analytics & Reporting,76.69206358959757,77.50697190504727,8,False,0,True,2024-05-21,2024-06-22,2024-05-31,2024-09-12,2024-05-25,Task 265,False,0.08,Training Set
266,Review,True,18,26,6,48.16313738622838,2663.8191618156757,Internal Tool Development,Critical,Resource Unavail.,Failed QA,Team Gamma,Deployment & Release,58.10943175918185,76.69894799475755,7,True,26,True,2024-05-01,2024-02-19,2024-05-21,2024-04-17,2024-05-21,Task 266,True,0.75,Training Set
267,Completed,False,31,30,19,78.95604651352414,3415.1416593997387,Internal Tool Development,Critical,Data Access,Minor Rework,Team Beta,Deployment & Release,28.309042236741345,31.372094342543523,8,True,7,True,2024-04-19,2024-03-11,2024-03-01,2024-09-23,2024-06-27,Task 267,True,0.53,Test Set
268,In Progress,True,40,83,25,46.43624830174433,4469.865120525751,Customer Onboarding Flow Optimization,Medium,Data Access,Failed QA,Team Gamma,Marketing & Promotion,86.8497998250804,4.626681644590744,2,True,21,True,2024-04-20,2024-01-31,2024-05-30,2024-04-02,2024-06-19,Task 268,True,0.8,Training Set
269,To Do,True,57,57,12,71.95072657232899,1953.154462859141,Holiday Marketing Campaign,High,Resource Unavail.,None,Team Gamma,Deployment & Release,83.3173006420653,15.558593194328948,7,False,15,False,2024-05-30,2024-06-27,2024-08-24,2024-05-24,2024-08-14,Task 269,True,0.69,Training Set
270,Review,False,3,77,12,56.00841130679723,323.72830262172744,Website Redesign - User Experience,High,Resource Unavail.,Minor Rework,Team Delta,Analytics & Reporting,29.72043302581271,10.179330393963403,8,True,25,True,2024-06-27,2024-06-06,2024-05-15,2024-05-21,2024-06-12,Task 270,False,0.22,Training Set
271,In Progress,False,51,77,0,57.47532219565373,4724.922822686692,Q3 Product Feature Launch,Medium,Design Approval,Failed QA,Team Alpha,Design & UX,50.00392643506212,62.764639065746096,8,False,14,True,2024-04-22,2024-03-02,2024-03-14,2024-09-11,2024-09-29,Task 271,False,0.28,Test Set
272,Review,True,7,50,29,31.182192139447302,2479.8234294205963,Customer Onboarding Flow Optimization,Low,Technical Bug,Minor Rework,Team Delta,Design & UX,55.383334705385,38.84692898756563,2,True,12,False,2024-05-25,2024-04-13,2024-04-12,2024-05-21,2024-09-26,Task 272,True,0.79,Training Set
273,Blocked,True,14,40,13,87.76208830633023,1165.8668372785423,Internal Tool Development,High,Design Approval,None,Team Delta,QA & Testing,83.01923608799547,52.32451074272372,9,False,15,True,2024-04-25,2024-05-03,2024-06-24,2024-09-27,2024-09-06,Task 273,False,0.38,Test Set
